,Longitudes,Latitudes
0,-118.755997,36.7014631
1,-104.9793986,39.7367895
2,-80.9084670987562,33.5412752
3,0.0711669,51.5582734
4,139.7594549,35.6828387
5,117.8902853,-2.4833826
6,-122.419906,37.7790262
7,-85.759407,38.2542376
8,9.2147675,45.4838459
9,-93.2654692,44.9772995
10,-78.15184583888714,-10.066489149999999
11,-90.0517638,35.1460249
12,103.8194992,1.357107
13,102.2656823,4.5693754
14,-95.2414104,38.7311123
15,9.810356535653737,55.04104775
16,139.2394179,36.5748441
17,-80.6366144,27.9946969
18,-130.1575280481465,53.9286515
19,-75.91454009395426,42.095815200000004
20,-0.1276474,51.5073219
21,-72.032366,42.3788774
22,8.2319736,46.7985624
23,-80.9084670987562,33.5412752
24,-92.4576356,44.0319619
25,-87.6244212,41.8755616
26,-97.1071186,32.7355816
27,-0.1276474,51.5073219
28,8.7525902,46.3351913
29,-77.0365427,38.8950368
30,31.2718321,49.4871968
31,-122.271356,37.8044557
32,-66.4858295,18.2247706
33,-118.42889,34.0408394
34,-74.0060152,40.7127281
35,-73.9598939,40.7896239
36,6.0243622,47.2380222
37,-80.9084670987562,33.5412752
38,-74.0060152,40.7127281
39,-155.42837009716908,19.593801499999998
40,-80.9084670987562,33.5412752
41,-72.9081912,-41.4255819
42,-84.1947345,39.762205
43,106.80486325728526,-6.28381815
44,-81.4639835,27.7567667
45,-1.2578499,51.7520131
46,106.827183,-6.1753942
47,12.885888076510067,42.41473635
48,-86.000977,50.000678
49,-122.330062,47.6038321
50,-80.9084670987562,33.5412752
51,0.0995242,5.8101532
52,-43.2093727,-22.9110137
53,31.009909,-29.861825
54,-3.2765753,54.7023545
55,-111.763275,34.395342
56,-0.1276474,51.5073219
57,-79.3839347,43.6534817
58,-77.0365427,38.8950368
59,-121.493895,38.5810606
60,-123.113952,49.2608724
61,7.9999721,9.6000359
62,103.8194992,1.357107
63,2.3200410217200766,48.8588897
64,19.6608615,41.7862439
65,-84.2747329,34.0709576
66,-122.674194,45.5202471
67,9.0284647,50.6080651
68,-87.6559443,41.9470723
69,87.6855882,22.9964948
70,-97.7436995,30.2711286
71,-97.6568094,39.1273653
72,151.2082848,-33.8698439
73,-50.5492435,-20.2671767
74,-3.696977,42.343926
75,12.674297,42.6384261
76,-68.7461817,-43.7128356
77,-46.6333824,-23.5506507
78,-79.3839347,43.6534817
79,-95.3676974,29.7589382
80,-83.1137366,32.3293809
81,-118.2332085,34.0398007
82,-3.1791934,51.4816546
83,-85.538541,30.7818584
84,-83.0466403,42.3315509
85,-2.99168,53.4071991
86,107.307897,-6.3042012
87,-100.445882,39.7837304
88,-83.0466403,42.3315509
89,-3.8026402,53.1440071
90,-69.9699468,18.4357733
91,35.7878438,-6.5247123
92,-86.000977,50.000678
93,-7.5466312481173325,41.5229299
94,141.34322629122707,42.94487265
95,1.8883335,46.603354
96,151.2656212,-33.7131699
97,25.3716223,65.3218756
98,35.5036675,14.073115
99,-118.242766,34.0536909
100,-80.9084670987562,33.5412752
101,-0.1276474,51.5073219
102,10.4410399,43.7629956
103,-77.44589662266645,38.7872666
104,-75.6901106,45.4208777
105,-72.51478135359363,42.1125825
106,-79.3839347,43.6534817
107,-77.57539,44.1019126
108,-122.829342,49.2822243
109,-53.2,-10.3333333
110,-76.610759,39.2908816
111,-74.0060152,40.7127281
112,8.5410422,47.3744489
113,7.9999721,9.6000359
114,-74.978493,39.830107
115,-105.3632079,40.102555
116,-2.5972985,51.4538022
117,1.8883335,46.603354
118,-53.2,-10.3333333
119,-2.1102277,49.1856637
120,-107.991707,61.0666922
121,-1.2649062,52.5310214
122,39.2704604,-6.8971302
123,3.8595132132013186,43.59047185
124,3.8595132132013186,43.59047185
125,-84.1051939,33.7123305
126,120.31003075000001,14.8492416
127,21.2549447,48.7265014
128,3.8972497,7.3777462
129,-6.90228703588302,53.63288005
130,67.0207055,24.8546842
131,30.7322878,46.4843023
132,-93.2295515,38.7098314
133,134.755,-24.7761086
134,-77.7278831,40.9699889
135,-58.5697624,-34.6808844
136,-80.9084670987562,33.5412752
137,-1.1531982,53.3144605
138,-111.84125,33.3061605
139,107.6404716,-6.8891904
140,-80.2631733,43.1408157
141,-53.7935237,-29.6837845
142,-93.2654692,44.9772995
143,-2.2891921,53.4877463
144,-0.1276474,51.5073219
145,-3.2765753,54.7023545
146,19.6608615,41.7862439
147,-114.065465,51.0460954
148,-82.6147407,41.240863
149,-81.68916780651988,41.5036765
150,86.671523179221,27.2525998
151,-80.9084670987562,33.5412752
152,13.0001566,55.6052931
153,9.9934336,48.3974003
154,-47.7125224,-24.3998924
155,-87.6244212,41.8755616
156,-73.9497211,40.6526006
157,-96.8078766,32.780595
158,-96.8078766,32.780595
159,106.827183,-6.1753942
160,-100.445882,39.7837304
161,-87.6244212,41.8755616
162,7.9999721,9.6000359
163,-101.63342727011974,36.5941993
164,-0.1276474,51.5073219
165,17.4328413,40.5348787
166,78.1396522,11.0640776
167,-123.113952,49.2608724
168,-72.7342163,41.6500201
169,-80.9084670987562,33.5412752
170,-94.07714830522015,33.44667445
171,-94.07714830522015,33.44667445
172,-40.3548666,-20.3319444
173,-118.242766,34.0536909
174,-122.0832101,37.3893889
175,-87.6244212,41.8755616
176,-43.2093727,-22.9110137
177,-118.242766,34.0536909
178,21.0067249,52.2319581
179,-73.5698065,45.5031824
180,-2.6852531259442145,54.068092449999995
181,-84.3902644,33.7489924
182,100.58967104895733,7.2630995
183,-74.0060152,40.7127281
184,-118.242766,34.0536909
185,5.4688096,45.3990442
186,-98.5121975,27.6708701
187,19.8799136,41.6669051
188,-74.4041622,40.0757384
189,-4.8379791,39.3260685
190,-4.8379791,39.3260685
191,-102.4107493,34.2331373
192,-84.3902644,33.7489924
193,-118.755997,36.7014631
194,-13.26795,8.479004
195,8.7525902,46.3351913
196,28.049722,-26.205
197,2.1774322,41.3828939
198,12.041273,44.2227278
199,-77.0365427,38.8950368
200,-117.5664449,33.8752945
201,-102.4107493,34.2331373
202,-74.978493,39.830107
203,-73.9497211,40.6526006
204,-68.2043361,44.3876378
205,-122.439874,47.2495798
206,-77.57539,44.1019126
207,-84.77931270902907,33.9106577
208,-107.991707,61.0666922
209,10.4410399,43.7629956
210,10.4410399,43.7629956
211,10.4410399,43.7629956
212,10.4410399,43.7629956
213,10.4410399,43.7629956
214,-13.26795,8.479004
215,10.4410399,43.7629956
216,10.4410399,43.7629956
217,10.4410399,43.7629956
218,10.4410399,43.7629956
219,10.4410399,43.7629956
220,10.4410399,43.7629956
221,10.4410399,43.7629956
222,10.4410399,43.7629956
223,10.4410399,43.7629956
224,10.4410399,43.7629956
225,10.4410399,43.7629956
226,10.4410399,43.7629956
227,10.4410399,43.7629956
228,10.4410399,43.7629956
229,10.4410399,43.7629956
230,-97.2684063,34.9550817
231,10.4410399,43.7629956
232,10.4410399,43.7629956
233,10.4410399,43.7629956
234,10.4410399,43.7629956
235,10.4410399,43.7629956
236,31.2718321,49.4871968
237,-69.9699468,18.4357733
238,-41.9294776,-12.285251
239,12.9815831,50.6514935
240,139.4160114,35.9754168
241,10.4410399,43.7629956
242,10.4410399,43.7629956
243,10.4410399,43.7629956
244,10.4410399,43.7629956
245,10.4410399,43.7629956
246,10.4410399,43.7629956
247,10.4410399,43.7629956
248,10.4410399,43.7629956
249,10.4410399,43.7629956
250,174.7631803,-36.852095
251,10.4410399,43.7629956
252,10.4410399,43.7629956
253,10.4410399,43.7629956
254,10.4410399,43.7629956
255,10.4410399,43.7629956
256,67.0207055,24.8546842
257,10.4410399,43.7629956
258,10.4410399,43.7629956
259,10.4410399,43.7629956
260,10.4410399,43.7629956
261,10.4410399,43.7629956
262,10.4410399,43.7629956
263,10.4410399,43.7629956
264,10.4410399,43.7629956
265,10.4410399,43.7629956
266,10.4410399,43.7629956
267,10.4410399,43.7629956
268,10.4410399,43.7629956
269,10.4410399,43.7629956
270,10.4410399,43.7629956
271,10.4410399,43.7629956
272,10.4410399,43.7629956
273,10.4410399,43.7629956
274,10.4410399,43.7629956
275,-4.514436288750737,54.178442700000005
276,10.4410399,43.7629956
277,10.4410399,43.7629956
278,10.4410399,43.7629956
279,10.4410399,43.7629956
280,10.4410399,43.7629956
281,10.4410399,43.7629956
282,10.4410399,43.7629956
283,10.4410399,43.7629956
284,10.4410399,43.7629956
285,10.4410399,43.7629956
286,10.4410399,43.7629956
287,10.4410399,43.7629956
288,10.4410399,43.7629956
289,10.4410399,43.7629956
290,-111.763275,34.395342
291,10.4410399,43.7629956
292,10.4410399,43.7629956
293,10.4410399,43.7629956
294,10.4410399,43.7629956
295,10.4410399,43.7629956
296,10.4410399,43.7629956
297,10.4410399,43.7629956
298,10.4410399,43.7629956
299,10.4410399,43.7629956
300,10.4410399,43.7629956
301,10.4410399,43.7629956
302,10.4410399,43.7629956
303,10.4410399,43.7629956
304,10.4410399,43.7629956
305,-122.2388736,37.4401933
306,10.4410399,43.7629956
307,10.4410399,43.7629956
308,10.4410399,43.7629956
309,10.4410399,43.7629956
310,10.4410399,43.7629956
311,10.4410399,43.7629956
312,10.4410399,43.7629956
313,10.4410399,43.7629956
314,10.4410399,43.7629956
315,10.4410399,43.7629956
316,10.4410399,43.7629956
317,-9.517401092833236,52.14533445
318,-77.0365427,38.8950368
319,6.7161306,46.4941972
320,135.4855593,-3.4958784
321,-118.242766,34.0536909
322,-0.3763353,39.4697065
323,-118.242766,34.0536909
324,3.7578988,51.2811794
325,-118.242766,34.0536909
326,19.6608615,41.7862439
327,-122.972545,49.2433804
328,28.9325085,-25.0540328
329,-2.949011916021195,51.0339991
330,9.706203,4.0429408
331,-3.73893,52.2928116
332,-43.2093727,-22.9110137
333,-122.419906,37.7790262
334,-84.3902644,33.7489924
335,-84.3902644,33.7489924
336,-80.6264056,41.0930009
337,-90.822871,29.7957633
338,-3.2765753,54.7023545
339,-71.5698,-33.1278952
340,-80.9084670987562,33.5412752
341,71.5787458,34.0123846
342,-83.9210261,35.9603948
343,7.9999721,9.6000359
344,-4.8379791,39.3260685
345,-3.2765753,54.7023545
346,-117.785366,33.5426975
347,-118.9503955,52.6669042
348,-73.6189681,45.4690945
349,-80.9084670987562,33.5412752
350,-86.7847569,33.566428
351,-83.1137366,32.3293809
352,-2.1358386,49.2214561
353,-96.789821,46.877229
354,5.9108573,51.984257
355,-95.3676974,29.7589382
356,17.0326689,51.1089776
357,-4.1425658,50.3712659
358,12.5700724,55.6867243
359,-80.9084670987562,33.5412752
360,-82.4263676,42.9986074
361,36.8172449,-1.2832533
362,-121.988571,37.5482697
363,-75.8449946,43.1561681
364,-75.9774183,36.8529841
365,-79.3839347,43.6534817
366,-93.0931028,44.9497487
367,-80.5222961,43.4652699
368,-9.517401092833236,52.14533445
369,-83.1137366,32.3293809
370,-123.113952,49.2608724
371,-105.993007,34.5708167
372,27.9552269,-26.0374176
373,11.1104881,49.5026422
374,-118.39591,33.86428
375,-96.8078766,32.780595
376,-80.9084670987562,33.5412752
377,-3.2765753,54.7023545
378,-46.6333824,-23.5506507
379,-122.3558473,37.7884969
380,-89.08756552034865,30.37017495
381,-5.8569136,43.3623063
382,-43.19377133888442,-22.962605000000003
383,31.0723476,39.6821156
384,1.8883335,46.603354
385,-71.5992372,41.7962409
386,74.3141829,31.5656822
387,-87.8003438,42.1816919
388,-80.0532942,26.715364
389,3.3941795,6.4550575
390,-80.9084670987562,33.5412752
391,-53.7935237,-29.6837845
392,-84.3902644,33.7489924
393,67.0207055,24.8546842
394,4.5480484,8.4963657
395,-47.1532213,-22.7630391
396,11.5753822,48.1371079
397,7.0134418,43.5515198
398,-63.132935,46.234953
399,-90.7195348,29.5957696
400,-81.9320157,34.9498007
401,7.9999721,9.6000359
402,-92.9005742,34.2956351
403,174.7631803,-36.852095
404,134.755,-24.7761086
405,-72.032366,42.3788774
406,73.14475969326679,31.4274641
407,-72.8675941,40.8012894
408,53.9994829,24.0002488
409,-1.25,51.833333
410,-3.2765753,54.7023545
411,-79.1053129,40.7395087
412,-122.330062,47.6038321
413,-96.3071042,30.5955289
414,30.1500153,-26.276849
415,-74.0060152,40.7127281
416,134.755,-24.7761086
417,-0.7984854,51.2151749
418,-3.2765753,54.7023545
419,-118.242766,34.0536909
420,-0.2012376,5.5571096
421,13.3888599,52.5170365
422,24.9427473,60.1674881
423,-1.3402795,52.0601807
424,-79.3972847,43.6503124
425,115.8605801,-31.9558964
426,144.9631608,-37.8142176
427,-3.0500916,53.3409714
428,-118.242766,34.0536909
429,-104.984862,39.7392364
430,-83.1137366,32.3293809
431,9.810356535653737,55.04104775
432,55.1563147,25.0978966
433,7.9999721,9.6000359
434,-118.242766,34.0536909
435,-80.9084670987562,33.5412752
436,-0.2012376,5.5571096
437,-102.0077097,23.6585116
438,2.1774322,41.3828939
439,-1.0800271,8.0300284
440,-122.657047,49.1039289
441,-46.6333824,-23.5506507
442,-80.2520354,26.0015483
443,-92.5000001,16.5000001
444,71.247499,30.3308401
445,8.1515147,52.246697
446,51.380103905902175,35.7469926
447,-118.755997,36.7014631
448,-0.1276474,51.5073219
449,-70.75378387447887,44.2057083
450,114.1628131,22.2793278
451,134.755,-24.7761086
452,-0.1276474,51.5073219
453,-86.1746933,40.3270127
454,1.8883335,46.603354
455,31.3991317,-26.5624806
456,-95.3676974,29.7589382
457,-117.94479783055465,33.683073949999994
458,-0.2012376,5.5571096
459,-82.6881395,40.2253569
460,16.6083879,52.5858214
461,29.2675469,26.2540493
462,3.4389293,6.9788582
463,-111.763275,34.395342
464,-115.002136,55.001251
465,-74.0060152,40.7127281
466,10.4410399,43.7629956
467,10.4410399,43.7629956
468,-2.072286650050725,55.1314061
469,-118.242766,34.0536909
470,-74.0060152,40.7127281
471,37.4232686,-7.0842931
472,-0.2012376,5.5571096
473,-122.3558473,37.7884969
474,-84.3902644,33.7489924
475,-106.632819,35.269381
476,19.6608615,41.7862439
477,4.6667145,50.6402809
478,0.3138532,49.0677708
479,-122.0322895,37.3228934
480,-98.5456116,31.2638905
481,-84.3902644,33.7489924
482,-81.3790304,28.5421109
483,-111.714358,39.4225192
484,0.0995242,5.8101532
485,-6.9591554,54.5859836
486,-45.96583,-23.30528
487,-0.1276474,51.5073219
488,13.1929449,55.7029296
489,-87.6244212,41.8755616
490,-7.863112,42.61946
491,-78.5595021020323,-0.28438435
492,-80.9084670987562,33.5412752
493,3.8595132132013186,43.59047185
494,-74.0060152,40.7127281
495,174.6278559,-41.2766446
496,-86.7742984,36.1622767
497,11.5753822,48.1371079
498,-80.9084670987562,33.5412752
499,13.3888599,52.5170365
500,-0.1276474,51.5073219
501,-45.677885,-20.406746
502,-100.8928434,37.1850331
503,-111.714358,39.4225192
504,-81.518485,41.083064
505,-124.05925438539253,44.6290065
506,8.7525902,46.3351913
507,9.465635697367965,47.69323015
508,3.3941795,6.4550575
509,5.6343227,52.2434979
510,-1.5536905536661392,52.32130635
511,-43.9451356,-19.9225776
512,28.9662187,41.0091982
513,-122.419906,37.7790262
514,-3.2765753,54.7023545
515,19.6608615,41.7862439
516,-4.2488787,55.8609825
517,-2.4476231,51.2919489
518,19.0405207,50.7808659
519,4.6667145,50.6402809
520,79.93638832199528,29.84542725
521,7.4892974,9.0643305
522,21.7168387,41.6171214
523,4.6667145,50.6402809
524,3.3941795,6.4550575
525,66.2788843,38.5941922
526,144.2944027551302,-38.197652500000004
527,-82.5187629,37.4792672
528,-87.377042,44.8341639
529,31.045686,-17.831773
530,146.6366887,-42.035067
531,-1.2649062,52.5310214
532,-0.2012376,5.5571096
533,10.3097114,51.658552
534,-102.4107493,34.2331373
535,-76.6061939,39.2963742
536,-118.242766,34.0536909
537,139.2394179,36.5748441
538,4.031926,49.2577886
539,-120.6981452,37.0549668
540,-80.2322706,25.9873137
541,-100.445882,39.7837304
542,-0.9443751917424933,53.016301350000006
543,134.755,-24.7761086
544,2.5877671,48.8774053
545,-118.755997,36.7014631
546,-0.2012376,5.5571096
547,-0.2012376,5.5571096
548,54.5643516,32.6475314
549,-115.698129,45.804105
550,-86.1746933,40.3270127
551,-1.4247903167173146,54.50941065
552,36.0611995,-0.0608358
553,-85.1551411,37.5726028
554,-111.714358,39.4225192
555,73.2032791,19.2963414
556,-90.67439086474857,35.843356
557,-1.9100768,53.2593422
558,-122.674194,45.5202471
559,-66.2672978,-30.630651
560,2.1774322,41.3828939
561,-69.9699468,18.4357733
562,-80.3659763,25.7013293
563,10.4478313,51.1638175
564,12.8623448,48.0674106
565,-79.4113442,43.6418623
566,102.2656823,4.5693754
567,-8.2593422,42.1130412
568,-118.242766,34.0536909
569,-92.4576356,44.0319619
570,29.7468414,-18.4554963
571,-4.1140518,56.7861112
572,12.674297,42.6384261
573,-7.9794599,52.865196
574,-80.4363743,33.6874388
575,-86.1583502,39.7683331
576,-3.2765753,54.7023545
577,36.5812955945439,50.64526255
578,-2.6992717,53.7593363
579,-95.3676974,29.7589382
580,-111.9400164,33.4255117
581,-84.3982623,38.0019469
582,-80.0728201,26.4614625
583,-79.3839347,43.6534817
584,-81.3790304,28.5421109
585,-78.9018053,35.996653
586,7.8533226,10.3825318
587,-83.9849477,42.4347571
588,-118.755997,36.7014631
589,-3.2765753,54.7023545
590,-122.1598465,37.4443293
591,-78.878292,35.0525759
592,-82.458444,27.9477595
593,32.5813539,0.3177137
594,-69.9699468,18.4357733
595,-79.3839347,43.6534817
596,-2.2451148,53.4794892
597,-3.2765753,54.7023545
598,-83.64586,32.604664
599,-81.6936772,41.4996574
600,3.3941795,6.4550575
601,-72.02106491784804,8.02187305
602,-80.9084670987562,33.5412752
603,-1.2649062,52.5310214
604,-87.6244212,41.8755616
605,-80.9084670987562,33.5412752
606,-118.242766,34.0536909
607,-84.5124602,39.1014537
608,-84.5124602,39.1014537
609,-69.9699468,18.4357733
610,-0.1276474,51.5073219
611,-69.9699468,18.4357733
612,-117.1627728,32.7174202
613,-90.0782127,29.9759983
614,-69.9699468,18.4357733
615,-0.1276474,51.5073219
616,-0.1276474,51.5073219
617,-2.4414627,53.0996153
618,19.5060937,47.1817585
619,-48.513921,-0.758444
620,-97.4649038,35.6571367
621,34.9144977,-19.302233
622,19.6608615,41.7862439
623,31.045686,-17.831773
624,-80.9084670987562,33.5412752
625,120.5666611,15.1517201
626,-0.1276474,51.5073219
627,-97.7436995,30.2711286
628,-81.5473047,41.3792539
629,-97.8689267,30.1639811
630,-84.6824346,43.6211955
631,8.877423,52.0497334
632,7.9999721,9.6000359
633,-93.3501222,44.8897027
634,30.7322878,46.4843023
635,-98.5456116,31.2638905
636,49.9941294,14.9107317
637,-79.3839347,43.6534817
638,-92.4479108,35.2048883
639,-122.5064474,45.6055583
640,-121.8943326,37.3340519
641,-92.4479108,35.2048883
642,88.3956942724553,22.53666645
643,19.6608615,41.7862439
644,1.8883335,46.603354
645,19.6608615,41.7862439
646,100.5772104,14.3601126
647,-95.3676974,29.7589382
648,-74.0060152,40.7127281
649,79.72826945827646,28.959150049999998
650,13.1415872,43.3458388
651,-80.2497707,26.2128609
652,-102.0077097,23.6585116
653,-34.882028,-7.1215981
654,-107.991707,61.0666922
655,0.0995242,5.8101532
656,-3.7035825,40.4167047
657,8.5364136,11.8948389
658,7.221392563530828,51.444295100000005
659,19.6608615,41.7862439
660,23.21964608602439,58.5959044
661,23.21964608602439,58.5959044
662,23.21964608602439,58.5959044
663,23.21964608602439,58.5959044
664,78.6677428,22.3511148
665,-75.4013315,38.6920451
666,-1.0800271,8.0300284
667,-102.4107493,34.2331373
668,-80.9084670987562,33.5412752
669,-0.1276474,51.5073219
670,-93.2654692,44.9772995
671,-118.755997,36.7014631
672,-74.0060152,40.7127281
673,74.639,26.4691
674,27.6971358,53.4250605
675,-81.4639835,27.7567667
676,19.6608615,41.7862439
677,-86.1583502,39.7683331
678,76.770421,30.3843674
679,28.1879101,-25.7459277
680,-75.1635262,39.9527237
681,-97.6705137,39.4850226
682,11.3426327,44.4938203
683,-0.1276474,51.5073219
684,-98.5456116,31.2638905
685,-82.458444,27.9477595
686,-105.607716,38.7251776
687,-86.000977,50.000678
688,12.5700724,55.6867243
689,-79.4740079,43.6656417
690,67.66539,54.614407
691,4.3997081,51.2211097
692,5.7616744,51.8608144
693,117.5295201,34.4420602
694,-76.51364950821196,37.235665499999996
695,-93.2654692,44.9772995
696,-80.77810460591846,35.3769454
697,4.6667145,50.6402809
698,37.4232686,-7.0842931
699,-0.1276474,51.5073219
700,-76.610759,39.2908816
701,17.5961467,44.3053476
702,-2.7511952,55.915797
703,117.5295201,34.4420602
704,-75.1635262,39.9527237
705,-2.7397217,51.1267494
706,17.0118954,45.5643442
707,11.09414726770089,43.935718050000006
708,11.5753822,48.1371079
709,8.7525902,46.3351913
710,-72.7342163,41.6500201
711,-117.5664449,33.8752945
712,-83.5378173,41.6529143
713,-84.3902644,33.7489924
714,-78.4927721,37.1232245
715,-46.6333824,-23.5506507
716,117.8902853,-2.4833826
717,-98.5456116,31.2638905
718,-6.4412133,54.4242284
719,-75.573553,6.2443382
720,-117.1627728,32.7174202
721,-81.4639835,27.7567667
722,35.7878438,-6.5247123
723,-77.18595,38.894671
724,-14.851202040101853,65.7198681
725,115.0769369,-33.9531776
726,-73.9497211,40.6526006
727,-105.607716,38.7251776
728,-57.5040642,-25.3417367
729,-0.1276474,51.5073219
730,2.3200410217200766,48.8588897
731,-102.0077097,23.6585116
732,-2.471770086071205,53.2141028
733,-116.0372472,33.7219991
734,-83.613055,42.2410562
735,-83.613055,42.2410562
736,-2.5972985,51.4538022
737,-3.1883749,55.9533456
738,-112.3680189,33.6292271
739,-112.00942230268426,33.43289075
740,-5.971415104539984,42.63414505
741,-90.7479871,38.8023739
742,-82.4263676,42.9986074
743,139.7174941,35.668189
744,-122.1598465,37.4443293
745,-123.113952,49.2608724
746,-3.1791934,51.4816546
747,-73.9917557,40.6913201
748,-74.0060152,40.7127281
749,-118.242766,34.0536909
750,-95.3676974,29.7589382
751,10.4478313,51.1638175
752,-122.972545,49.2433804
753,-74.4041622,40.0757384
754,-1.2578499,51.7520131
755,19.5060937,47.1817585
756,-1.8067773059503989,53.369946999999996
757,-107.991707,61.0666922
758,-118.755997,36.7014631
759,3.8595132132013186,43.59047185
760,-118.42139298414197,33.94216754999999
761,-77.7278831,40.9699889
762,32.8540482,39.9207886
763,49.21289,9.09009
764,7.9999721,9.6000359
765,3.3941795,6.4550575
766,77.2090057,28.6138954
767,-79.0392919,35.6729639
768,-74.645977,40.21658
769,-114.065465,51.0460954
770,-82.75690699742961,28.0856815
771,-3.2765753,54.7023545
772,-74.0060152,40.7127281
773,-75.1304588,40.3100446
774,-107.991707,61.0666922
775,-85.1551411,37.5726028
776,13.7321259,51.0695454
777,-75.16511509669805,40.0917501
778,17.929884436033525,50.678792900000005
779,18.417396,-33.928992
780,-61.2600814,10.6224739
781,-77.0365427,38.8950368
782,-110.9748477,32.2228765
783,-74.0060152,40.7127281
784,34.8594762,30.8124247
785,12.2422442,44.136352
786,-122.3558473,37.7884969
787,-73.9497211,40.6526006
788,-76.9408647,38.9529442
789,-107.991707,61.0666922
790,-6.9591554,54.5859836
791,-2.6264624,53.5457188
792,-73.79452,40.7459
793,-84.3902644,33.7489924
794,-84.3902644,33.7489924
795,77.34932051968858,31.81676015
796,108.212,16.068
797,-2.5972985,51.4538022
798,3.745987,49.0818433
799,-75.1635262,39.9527237
800,124.65580175938304,8.4831331
801,-3.2765753,54.7023545
802,-82.4263676,42.9986074
803,72.878176,19.0785451
804,-86.000977,50.000678
805,-1.404189,50.9025349
806,0.09742942694884607,51.52561835
807,-87.67968489322344,41.82489365
808,-80.19362,25.7741728
809,-80.9084670987562,33.5412752
810,-80.9084670987562,33.5412752
811,14.7571942,63.1331179
812,27.6971358,53.4250605
813,-98.5456116,31.2638905
814,-112.536508,46.0131505
815,123.6135194,10.0017485
816,69.1816994,41.2822393
817,-121.890591,37.3361663
818,-97.1025077,32.4334742
819,-95.3676974,29.7589382
820,-63.132935,46.234953
821,93.3926241,21.6481829
822,-21.9422367,64.145981
823,-112.29289603702432,36.307854750000004
824,-122.0322895,37.3228934
825,-80.9084670987562,33.5412752
826,106.9945444,-6.2349858
827,8.7876653,61.1529386
828,-75.6901106,45.4208777
829,15.9734636,-17.9097449
830,23.21964608602439,58.5959044
831,174.7631803,-36.852095
832,-121.493895,38.5810606
833,121.0929686,14.6465247
834,73.0651511,33.6938118
835,-74.0060152,40.7127281
836,-122.0322895,37.3228934
837,-63.5859487,44.648618
838,-66.9146008,10.5060934
839,-0.1276474,51.5073219
840,-82.5748194,27.4989278
841,98.6667,16.3667
842,-102.4107493,34.2331373
843,-80.9084670987562,33.5412752
844,-73.9497211,40.6526006
845,-73.9598939,40.7896239
846,9.810356535653737,55.04104775
847,-64.80011,46.097995
848,77.2090057,28.6138954
849,25.0364526,60.3091871
850,-122.0322895,37.3228934
851,19.6608615,41.7862439
852,-2.5972985,51.4538022
853,-74.4041622,40.0757384
854,-93.2654692,44.9772995
855,-71.060511,42.3554334
856,-79.467547,42.37978
857,-90.57499954607776,41.693450799999994
858,9.3238432,17.7356214
859,-92.1043051,33.4587241
860,-99.1623319,19.3500942
861,-80.9084670987562,33.5412752
862,-96.8078766,32.780595
863,-80.9084670987562,33.5412752
864,17.0118954,45.5643442
865,-74.0060152,40.7127281
866,-118.755997,36.7014631
867,23.21964608602439,58.5959044
868,-117.1627728,32.7174202
869,-117.1627728,32.7174202
870,36.7611963,-1.3556484
871,-1.5437941,53.7974185
872,6.4271473,46.3557621
873,-86.7742984,36.1622767
874,97.9572987,30.4994753
875,-79.3839347,43.6534817
876,-0.3763353,39.4697065
877,-75.1635262,39.9527237
878,142.7485540036034,46.93159125
879,-122.0322895,37.3228934
880,-117.021141,32.738396
881,-74.4041622,40.0757384
882,-82.458444,27.9477595
883,19.6608615,41.7862439
884,3.3941795,6.4550575
885,-71.060511,42.3554334
886,106.8216147,-6.3871814
887,121.0372211,14.4808307
888,14.807358,48.9194989
889,-118.242766,34.0536909
890,-96.7968559,32.7762719
891,100.3354555,5.4158174
892,3.3941795,6.4550575
893,9.937216,51.5323423
894,39.0494106,34.6401861
895,-81.4639835,27.7567667
896,-0.3720713,39.462278
897,77.2090057,28.6138954
898,85.01912603289477,20.5132535
899,36.7611963,-1.3556484
900,10.407952353581667,48.431865450000004
901,-82.4263676,42.9986074
902,-86.1583502,39.7683331
903,108.212,16.068
904,35.7878438,-6.5247123
905,-122.674194,45.5202471
906,-0.3720713,39.462278
907,77.2090057,28.6138954
908,-75.1635262,39.9527237
909,-82.458444,27.9477595
910,-76.9382069,39.5162401
911,5.3699525,43.2961743
912,-96.8570183,32.5897831
913,-123.8925908,43.0059455
914,-0.8659129831915817,52.3106138
915,171.45233400435404,-42.5638896
916,-76.610759,39.2908816
917,-44.2963942,-2.5295265
918,2.3200410217200766,48.8588897
919,139.7594549,35.6828387
920,-86.7742984,36.1622767
921,121.0994566,14.6729013
922,-2.949011916021195,51.0339991
923,-122.419906,37.7790262
924,77.1072036056237,28.350168699999998
925,9.810356535653737,55.04104775
926,-116.3336058,34.0698294
927,-107.991707,61.0666922
928,-1.2649062,52.5310214
929,-78.878292,35.0525759
930,-73.9986453,40.7528992
931,-76.6838605,39.7048259
932,-80.1433786,26.1223084
933,-80.1433786,26.1223084
934,73.0535122,33.5914237
935,77.2090057,28.6138954
936,74.8204443,34.0747444
937,-84.3902644,33.7489924
938,-1.0800271,8.0300284
939,-75.6901106,45.4208777
940,-73.0994258107431,40.85149705
941,-71.060511,42.3554334
942,-74.0060152,40.7127281
943,-84.3902644,33.7489924
944,144.9631608,-37.8142176
945,8.7525902,46.3351913
946,-1.0626274,50.8967343
947,-74.0060152,40.7127281
948,-0.1276474,51.5073219
949,8.7876653,61.1529386
950,-75.137901,44.247904
951,-0.2012376,5.5571096
952,-98.5456116,31.2638905
953,-79.0392919,35.6729639
954,78.6677428,22.3511148
955,-81.87340369618707,42.56734355
956,29.7468414,-18.4554963
957,78.4740613,17.360589
958,2.2465551664725067,48.94294505
959,7.4892974,9.0643305
960,19.6608615,41.7862439
961,-118.755997,36.7014631
962,-0.1276474,51.5073219
963,-1.2649062,52.5310214
964,-43.9451356,-19.9225776
965,-122.3558473,37.7884969
966,-110.9748477,32.2228765
967,-98.4951405,29.4246002
968,-118.1663914,48.8924045
969,78.6677428,22.3511148
970,-8.1353519,39.6621648
971,117.5295201,34.4420602
972,-81.4639835,27.7567667
973,-4.1140518,56.7861112
974,78.6677428,22.3511148
975,-0.1276474,51.5073219
976,-1.6880314,12.0753083
977,72.878176,19.0785451
978,-118.1663914,48.8924045
979,24.6568435,60.2047672
980,-1.9026911,52.4796992
981,-84.3902644,33.7489924
982,31.2357257,30.0443879
983,-74.0060152,40.7127281
984,-118.1663914,48.8924045
985,39.2704604,-6.8971302
986,-3.2765753,54.7023545
987,2.3200410217200766,48.8588897
988,-111.8804817,40.8894611
989,37.740969703319166,55.7279527
990,-80.1494901,26.0112014
991,-82.458444,27.9477595
992,-122.674194,45.5202471
993,-73.7301634,40.6652323
994,-105.7561639,39.1089299
995,47.4979476,29.2733964
996,-3.2765753,54.7023545
997,-86.809849,33.810124
998,32.5813539,0.3177137
999,24.3716616,49.0345001
1000,-0.1276474,51.5073219
1001,-79.8728583,43.2560802
1002,-84.3591713,33.5204959
1003,-2.2451148,53.4794892
1004,-86.1746933,40.3270127
1005,-37.07602527743482,-10.98281225
1006,13.83074794209991,50.0601579
1007,10.4478313,51.1638175
1008,-80.9084670987562,33.5412752
1009,-4.8379791,39.3260685
1010,18.5897769,-34.0396484
1011,102.2656823,4.5693754
1012,-84.3902644,33.7489924
1013,136.5153283,34.7341973
1014,17.5961467,44.3053476
1015,-81.4639835,27.7567667
1016,-83.7312291,42.2681569
1017,-99.1878812,19.3473533
1018,-117.6114988,55.1034163
1019,-60.372133,46.0193462
1020,3.3941795,6.4550575
1021,135.5210535272211,34.69229155
1022,78.6677428,22.3511148
1023,107.5981524,-6.9173543
1024,-1.6706236,53.8437568
1025,-83.841415,42.580399
1026,6.0943765,52.5089759
1027,2.2917166,48.884703
1028,23.21964608602439,58.5959044
1029,-82.458444,27.9477595
1030,0.1186637,52.2055314
1031,-80.4363743,33.6874388
1032,-0.1276474,51.5073219
1033,-4.5,55.5
1034,-82.6881395,40.2253569
1035,-3.7035825,40.4167047
1036,125.52690263699812,3.6866040499999997
1037,-86.1336351,40.4864444
1038,2.2917166,48.884703
1039,-78.4907216,-0.1853458
1040,32.5349123,15.5635972
1041,-92.6650144,33.2115087
1042,-118.242766,34.0536909
1043,-1.1331969,52.6362
1044,-69.9699468,18.4357733
1045,8.7525902,46.3351913
1046,77.2090057,28.6138954
1047,-72.5080387,7.8971458
1048,-74.0060152,40.7127281
1049,24.991639,-28.8166236
1050,-77.7278831,40.9699889
1051,5.6343227,52.2434979
1052,35.843409,33.8750629
1053,-83.841415,42.580399
1054,-90.6647985,42.5006243
1055,-44.0279863,-19.8516634
1056,-82.4263676,42.9986074
1057,55.1563147,25.0978966
1058,84.4772578,27.9680935
1059,-118.4051088,34.0222263
1060,-102.4107493,34.2331373
1061,9.7385532,52.3744779
1062,-0.9696512,51.456659
1063,100.4935089,13.7524938
1064,19.6608615,41.7862439
1065,-71.6553992,43.4849133
1066,28.9662187,41.0091982
1067,-82.8405691,31.5301809
1068,7.4892974,9.0643305
1069,-43.19377133888442,-22.962605000000003
1070,37.6173092,47.1113557
1071,28.9662187,41.0091982
1072,-79.1053129,40.7395087
1073,-79.3839347,43.6534817
1074,-82.458444,27.9477595
1075,-97.7436995,30.2711286
1076,-93.3122705,41.9216734
1077,-1.9026911,52.4796992
1078,78.6677428,22.3511148
1079,-60.6615415,-32.9595004
1080,-86.7742984,36.1622767
1081,3.3941795,6.4550575
1082,-95.3676974,29.7589382
1083,3.3941795,6.4550575
1084,-0.3763353,39.4697065
1085,-0.1276474,51.5073219
1086,3.3941795,6.4550575
1087,3.3941795,6.4550575
1088,73.8544541,18.521428
1089,106.7012016,10.776325
1090,-122.3558473,37.7884969
1091,88.3251045,22.5736296
1092,127.9264822,26.6239851
1093,-77.0365427,38.8950368
1094,-122.330062,47.6038321
1095,-84.3902644,33.7489924
1096,-46.7407377,-23.6739274
1097,-51.7191859,-29.9407972
1098,-34.8848193,-8.0584933
1099,-86.265653,41.702182
1100,24.6568435,60.2047672
1101,2.1774322,41.3828939
1102,-101.63342727011974,36.5941993
1103,-75.1635262,39.9527237
1104,-51.2303767,-30.0324999
1105,-0.2012376,5.5571096
1106,7.9999721,9.6000359
1107,-0.2012376,5.5571096
1108,76.76326540816436,34.68003014999999
1109,36.199551,49.9891642
1110,-97.3327459,32.753177
1111,73.8544541,18.521428
1112,-1.2578499,51.7520131
1113,-1.2649062,52.5310214
1114,77.590082,12.9767936
1115,-0.1276474,51.5073219
1116,68.3234873,25.3846785
1117,-2.2451148,53.4794892
1118,-49.2532691,-16.680882
1119,3.3941795,6.4550575
1120,-118.755997,36.7014631
1121,-97.7436995,30.2711286
1122,-53.2,-10.3333333
1123,-79.3839347,43.6534817
1124,-77.9217357,18.4724603
1125,-0.1276474,51.5073219
1126,-96.8078766,32.780595
1127,3.8972497,7.3777462
1128,-73.85784892997222,40.59854025
1129,75.8169238781403,33.2761171
1130,73.14098929730321,20.43219565
1131,77.2090057,28.6138954
1132,-86.5705509,35.1520267
1133,-77.0365427,38.8950368
1134,87.6855882,22.9964948
1135,-102.4107493,34.2331373
1136,-80.9084670987562,33.5412752
1137,-73.16289026570024,42.0566343
1138,31.2718321,49.4871968
1139,24.6568435,60.2047672
1140,31.2718321,49.4871968
1141,-112.074141,33.4484367
1142,3.3941795,6.4550575
1143,-72.7342163,41.6500201
1144,-0.1276474,51.5073219
1145,-81.4639835,27.7567667
1146,-3.2765753,54.7023545
1147,-46.4241869,-23.8857982
1148,-82.6881395,40.2253569
1149,-87.6244212,41.8755616
1150,120.3781372,36.0638034
1151,-80.9084670987562,33.5412752
1152,-103.338396,20.6720375
1153,-117.1627728,32.7174202
1154,17.7578122,11.5024338
1155,-3.2765753,54.7023545
1156,-43.2093727,-22.9110137
1157,35.5036675,14.073115
1158,127.9264822,26.6239851
1159,-71.060511,42.3554334
1160,-95.3676974,29.7589382
1161,3.3941795,6.4550575
1162,-122.330062,47.6038321
1163,24.6568435,60.2047672
1164,-80.9084670987562,33.5412752
1165,-102.730996,45.2208205
1166,47.4979476,29.2733964
1167,9.7796861,10.0959531
1168,-80.9084670987562,33.5412752
1169,17.7578122,11.5024338
1170,-3.5995337,37.1734995
1171,95.40149478215628,16.272601899999998
1172,-3.5269497,50.7255794
1173,-79.6583665,35.3823659
1174,-58.6416891,4.8417097
1175,-84.42927118585675,33.63779875
1176,28.0748568,-25.7629818
1177,121.1337303,14.5512798
1178,19.6608615,41.7862439
1179,-73.9962504,40.7164913
1180,77.2090057,28.6138954
1181,-76.9382069,39.5162401
1182,-74.0060152,40.7127281
1183,24.6568435,60.2047672
1184,101.5195149,3.0733644
1185,-52.764416660542906,47.581709950000004
1186,-102.4107493,34.2331373
1187,-80.9084670987562,33.5412752
1188,-122.2270272,47.3826903
1189,-118.3951241,33.8915985
1190,71.247499,30.3308401
1191,19.6608615,41.7862439
1192,-80.9084670987562,33.5412752
1193,-122.2270272,47.3826903
1194,-6.9484945,37.2575874
1195,-122.2270272,47.3826903
1196,-3.5996999898540123,50.86839225
1197,-122.2270272,47.3826903
1198,-122.2270272,47.3826903
1199,26.1027202,44.4361414
1200,-90.2428756,38.6319657
1201,-1.8727461214619257,47.34816145
1202,-122.2270272,47.3826903
1203,-122.2270272,47.3826903
1204,5.6343227,52.2434979
1205,-122.2270272,47.3826903
1206,-117.5664449,33.8752945
1207,-117.5664449,33.8752945
1208,-123.113952,49.2608724
1209,-1.2649062,52.5310214
1210,2.3200410217200766,48.8588897
1211,78.6677428,22.3511148
1212,100.4935089,13.7524938
1213,-78.6390989,35.7803977
1214,-102.4107493,34.2331373
1215,-0.1276474,51.5073219
1216,-122.330062,47.6038321
1217,7.4892974,9.0643305
1218,-77.7278831,40.9699889
1219,-77.4605399,38.3031837
1220,-80.0532942,26.715364
1221,32.5813539,0.3177137
1222,-1.9923114,52.5186579
1223,-80.9084670987562,33.5412752
1224,-87.6244212,41.8755616
1225,6.2747786,4.9334651
1226,-80.9084670987562,33.5412752
1227,-87.6092419,41.8918968
1228,-1.1331969,52.6362
1229,90.2934413,24.4769288
1230,-92.4982142,34.9006447
1231,78.0436813,30.3255646
1232,27.8998573,-33.0191604
1233,77.590082,12.9767936
1234,-87.6244212,41.8755616
1235,-9.5131483,51.6901245
1236,-100.445882,39.7837304
1237,-3.2765753,54.7023545
1238,-3.2765753,54.7023545
1239,79.8448541,11.9760016
1240,90.2934413,24.4769288
1241,135.7828134,34.9998819
1242,74.3141829,31.5656822
1243,-104.984862,39.7392364
1244,-16.621447121144122,28.2935785
1245,-107.991707,61.0666922
1246,-97.2684063,34.9550817
1247,73.0535122,33.5914237
1248,125.6369667,7.1029404
1249,-86.868714,33.514708
1250,51.48108018997296,25.2198728
1251,7.4143061,6.5536094
1252,-80.19362,25.7741728
1253,77.7178523933593,11.33927295
1254,101.6089714,3.0713838
1255,34.678852,52.7750302
1256,-96.539699,29.7066181
1257,-59.5250305,13.1500331
1258,19.6608615,41.7862439
1259,-81.1308434,8.559559
1260,79.8448541,11.9760016
1261,-82.5540161,35.6009498
1262,-98.4951405,29.4246002
1263,-74.0060152,40.7127281
1264,-73.9497211,40.6526006
1265,-80.19362,25.7741728
1266,-79.4113442,43.6418623
1267,-42.8125967,77.6192349
1268,-0.1276474,51.5073219
1269,139.7594549,35.6828387
1270,130.6264811,32.9162863
1271,123.3087965,9.3061344
1272,-122.271356,37.8044557
1273,-118.644097,34.1446643
1274,8.7525902,46.3351913
1275,-80.9084670987562,33.5412752
1276,10.4478313,51.1638175
1277,-84.2747329,34.0709576
1278,73.14098929730321,20.43219565
1279,-88.5408574,44.0206919
1280,12.674297,42.6384261
1281,-77.199255,39.1529266
1282,78.6677428,22.3511148
1283,-73.9925613,40.6169969
1284,120.3781372,36.0638034
1285,-3.1883749,55.9533456
1286,30.524248132991595,36.489647
1287,-77.05560253045041,18.39551935
1288,144.3598004,-38.1493084
1289,25.4856617,42.6073975
1290,-0.8659129831915817,52.3106138
1291,9.0305773,40.0912813
1292,-122.0322895,37.3228934
1293,-106.7438147,35.0313299
1294,19.6608615,41.7862439
1295,-80.9084670987562,33.5412752
1296,-78.6390989,35.7803977
1297,-80.9084670987562,33.5412752
1298,-4.2488787,55.8609825
1299,79.3160759,9.2563648
1300,121.02188606807516,14.5123016
1301,-80.9084670987562,33.5412752
1302,-82.458444,27.9477595
1303,8.7194595,47.1957261
1304,-83.5378173,41.6529143
1305,102.2656823,4.5693754
1306,69.1816994,41.2822393
1307,-83.1137366,32.3293809
1308,-97.6788056,30.5085915
1309,-63.132935,46.234953
1310,-3.1883749,55.9533456
1311,-79.2042149,33.2296111
1312,78.6677428,22.3511148
1313,-82.93118163704284,39.3833457
1314,-3.2765753,54.7023545
1315,-3.2765753,54.7023545
1316,-131.63973333637142,55.3392264
1317,-117.85199520910426,33.679463
1318,3.3762314,50.8891949
1319,-79.3839347,43.6534817
1320,-118.242766,34.0536909
1321,-122.330062,47.6038321
1322,139.2394179,36.5748441
1323,3.3941795,6.4550575
1324,-118.242766,34.0536909
1325,73.8544541,18.521428
1326,-44.9991978,-21.2425512
1327,-87.6559443,41.9470723
1328,19.134422,52.215933
1329,4.8271457,45.7568535
1330,78.6677428,22.3511148
1331,-2.6640439,51.4325529
1332,-73.7751326,41.0748189
1333,47.0124376,35.672803
1334,-92.007126,30.8703881
1335,3.0635282,50.6365654
1336,-83.9879625,33.9562149
1337,-74.0060152,40.7127281
1338,-97.2526992,33.9852998
1339,125.6369667,7.1029404
1340,-1.2649062,52.5310214
1341,78.4740613,17.360589
1342,115.8605801,-31.9558964
1343,73.8544541,18.521428
1344,-75.0458515,-6.8699697
1345,125.6369667,7.1029404
1346,-122.330062,47.6038321
1347,10.4478313,51.1638175
1348,78.6677428,22.3511148
1349,-100.445882,39.7837304
1350,8.7525902,46.3351913
1351,-90.2784305,35.4117514
1352,78.6677428,22.3511148
1353,36.8172449,-1.2832533
1354,-3.2765753,54.7023545
1355,-98.4951405,29.4246002
1356,174.9203328379738,-36.897014999999996
1357,73.5107387,4.1779879
1358,-66.8586608,10.2456598
1359,0.46466977412300386,51.77046785
1360,-77.0365256,-12.0621065
1361,-112.074141,33.4484367
1362,3.3941795,6.4550575
1363,-81.9498042,28.0394654
1364,81.7804732,17.0050454
1365,-77.1807019310668,38.7767435
1366,-74.81267393178035,38.983290499999995
1367,-80.9084670987562,33.5412752
1368,90.2934413,24.4769288
1369,-4.2351137,48.2197923
1370,4.8320114,45.7578137
1371,-100.445882,39.7837304
1372,-76.610759,39.2908816
1373,-81.3790304,28.5421109
1374,78.4740613,17.360589
1375,-135.32202513925805,57.009285000000006
1376,3.3941795,6.4550575
1377,-0.1276474,51.5073219
1378,-117.1627728,32.7174202
1379,-3.1582296,56.1110218
1380,-74.0060152,40.7127281
1381,-86.000977,50.000678
1382,10.3333283,55.670249
1383,-1.6131572,54.9738474
1384,-97.2684063,34.9550817
1385,-54.013215,-28.255356
1386,-78.0000547,24.7736546
1387,-122.0322895,37.3228934
1388,-80.9084670987562,33.5412752
1389,12.1679199,49.0032132
1390,-118.755997,36.7014631
1391,-1.0800271,8.0300284
1392,-7.9794599,52.865196
1393,77.2090057,28.6138954
1394,-87.6244212,41.8755616
1395,78.6677428,22.3511148
1396,-82.4263676,42.9986074
1397,34.8594762,30.8124247
1398,-3.2765753,54.7023545
1399,3.3941795,6.4550575
1400,-37.0774655,-10.9162061
1401,34.1793546,1.072599
1402,23.55997149113379,-6.11436025
1403,-121.5631723,37.0065078
1404,32.2166578,1.5333554
1405,-100.9927509,25.4230425
1406,-97.3327459,32.753177
1407,-98.3175282,26.2886951
1408,-4.1425658,50.3712659
1409,-100.445882,39.7837304
1410,-3.2765753,54.7023545
1411,-71.5527809,21.721746
1412,-113.491241,53.5462055
1413,-93.2654692,44.9772995
1414,73.14550720503016,35.2303883
1415,72.878176,19.0785451
1416,19.6608615,41.7862439
1417,-100.445882,39.7837304
1418,-81.4639835,27.7567667
1419,35.843409,33.8750629
1420,7.4892974,9.0643305
1421,8.7525902,46.3351913
1422,-15.9661549,18.0924702
1423,-1.9026911,52.4796992
1424,90.2934413,24.4769288
1425,-100.445882,39.7837304
1426,114.1628131,22.2793278
1427,-73.87110608912408,40.8153759
1428,102.2656823,4.5693754
1429,110.828448,-7.5692489
1430,102.2656823,4.5693754
1431,-100.445882,39.7837304
1432,102.2656823,4.5693754
1433,102.2656823,4.5693754
1434,102.2656823,4.5693754
1435,-79.3839347,43.6534817
1436,102.2656823,4.5693754
1437,98.886201,20.303708
1438,3.3941795,6.4550575
1439,102.2656823,4.5693754
1440,102.2656823,4.5693754
1441,102.2656823,4.5693754
1442,11.001918,47.4558895
1443,-118.755997,36.7014631
1444,102.2656823,4.5693754
1445,105.0272986,-4.8555039
1446,102.2656823,4.5693754
1447,3.4381585629783036,6.4333155
1448,32.5813539,0.3177137
1449,91.2823821,23.8312377
1450,-2.666667,57.166667
1451,-100.445882,39.7837304
1452,7.4362542,52.277739
1453,31.045686,-17.831773
1454,-3.1883749,55.9533456
1455,-99.17255334932386,19.39991625
1456,-81.7581697,37.0876141
1457,-73.9917557,40.6913201
1458,-93.2946576,37.1968298
1459,-106.7438147,35.0313299
1460,-122.0322895,37.3228934
1461,-80.9084670987562,33.5412752
1462,-3.1883749,55.9533456
1463,-61.7160975,15.9960392
1464,-74.0060152,40.7127281
1465,-73.9497211,40.6526006
1466,-7.9794599,52.865196
1467,-8.3959425,43.3709703
1468,73.8544541,18.521428
1469,-122.433243,37.6261715
1470,9.7385532,52.3744779
1471,-61.2765569,12.90447
1472,7.9999721,9.6000359
1473,-80.9084670987562,33.5412752
1474,-79.3839347,43.6534817
1475,77.590082,12.9767936
1476,-74.0060152,40.7127281
1477,80.9346001,26.8381
1478,-75.546589,39.7459468
1479,30.3788889,-29.6
1480,6.4271473,46.3557621
1481,-82.458444,27.9477595
1482,-80.19362,25.7741728
1483,90.389015,23.7644025
1484,8.5484677,11.9775797
1485,32.5813539,0.3177137
1486,-80.8430827,35.2272086
1487,-122.0322895,37.3228934
1488,7.9999721,9.6000359
1489,8.5253985,47.1951976
1490,-80.9084670987562,33.5412752
1491,-103.2464337,44.0641621
1492,-96.7077751,40.8088861
1493,-81.4639835,27.7567667
1494,-81.0557921,29.2854132
1495,-73.9497211,40.6526006
1496,-118.755997,36.7014631
1497,-74.0060152,40.7127281
1498,-74.0060152,40.7127281
1499,34.8594762,30.8124247
1500,6.4271473,46.3557621
1501,77.2090057,28.6138954
1502,134.755,-24.7761086
1503,-2.99168,53.4071991
1504,-3.2765753,54.7023545
1505,103.8194992,1.357107
1506,3.3941795,6.4550575
1507,-2.5586858945743396,51.037521100000006
1508,3.8595132132013186,43.59047185
1509,23.79940251269328,37.9946543
1510,-0.16223668308067218,51.5074889
1511,-4.123556221529343,53.2296062
1512,25.9209164,63.2467777
1513,8.7525902,46.3351913
1514,126.9782914,37.5666791
1515,-1.5536905536661392,52.32130635
1516,-79.3839347,43.6534817
1517,-122.0322895,37.3228934
1518,-75.14836456742408,38.740891000000005
1519,72.6859082,31.1482371
1520,78.6677428,22.3511148
1521,84.0917139,28.1083929
1522,-3.1883749,55.9533456
1523,-80.19362,25.7741728
1524,-69.942111,18.4801972
1525,-2.0928095,57.1482429
1526,-107.991707,61.0666922
1527,-76.610759,39.2908816
1528,-118.242766,34.0536909
1529,-75.9279495,40.335345
1530,78.6677428,22.3511148
1531,-77.0365427,38.8950368
1532,-122.0322895,37.3228934
1533,18.1082215,42.641206
1534,-78.4927721,37.1232245
1535,77.1565959,28.6600584
1536,58.5364018,23.6070003
1537,-86.7742984,36.1622767
1538,7.221392563530828,51.444295100000005
1539,58.5364018,23.6070003
1540,-90.0790166,41.6563287
1541,-80.9084670987562,33.5412752
1542,-84.3902644,33.7489924
1543,16.3725042,48.2083537
1544,-106.441207,31.7865623
1545,125.493335,9.7905543
1546,11.5213344,3.8689867
1547,-102.4107493,34.2331373
1548,-80.9084670987562,33.5412752
1549,-83.0373389,42.3167397
1550,114.1628131,22.2793278
1551,77.4120356,28.6711527
1552,-109.0,51.0000002
1553,74.3141829,31.5656822
1554,19.6608615,41.7862439
1555,21.0067249,52.2319581
1556,-80.9084670987562,33.5412752
1557,7.9999721,9.6000359
1558,-83.621321,41.6508446
1559,-82.8001026,27.9658533
1560,-93.2946576,37.1968298
1561,-78.5678656,35.8368233
1562,-96.7968559,32.7762719
1563,8.7876653,61.1529386
1564,-90.2428756,38.6319657
1565,78.6677428,22.3511148
1566,11.96814,46.740662
